

INSERT INTO CATEGORY (CATEGORY_ID ,CATEGORY_NAME ,UPDATED ) VALUES (1, 'Vegetable' , CURRENT_DATE() );

INSERT INTO CATEGORY (CATEGORY_ID ,CATEGORY_NAME ,UPDATED ) VALUES (2, 'Bakery' , CURRENT_DATE() );

INSERT INTO CATEGORY (CATEGORY_ID ,CATEGORY_NAME ,UPDATED ) VALUES (3, 'Beverage' , CURRENT_DATE() );




INSERT INTO DISCOVERY_TYPE (DISCOVERY_ID ,DISCOVERY_TYPE ) VALUES (1, 'weight' );

INSERT INTO DISCOVERY_TYPE (DISCOVERY_ID ,DISCOVERY_TYPE ) VALUES (2, 'quantity' );

INSERT INTO CURRENCY (CURRENCY_ID ,CURRENCY_CODE ,CURRENCY_NAME ,SYMBOL ) VALUES (1 , 'EUR',' EURO' , '€');
INSERT INTO CURRENCY (CURRENCY_ID ,CURRENCY_CODE ,CURRENCY_NAME ,SYMBOL ) VALUES (2 , 'USD',' DOLLAR' , '$');







INSERT INTO PRODUCT
(PRODUCT_ID ,COMMENTS ,PRODUCT_DESCRIPTION ,PRODUCT_IMAGE_URL ,PRODUCT_INGREDIENTS ,PRODUCT_NAME ,PRODUCT_PRICE  , PRODUCT_QUANTITY, DISCOVERY_ID ,CURRENCY_ID ,CATEGORY_ID ,UPDATE_DATE)
VALUES
(1 , 'Vegetables', 'Fresh Vegetables ', 'tomato.png' , 'Sample', 'Tomato' , '1' , 100 , 1, 1, 1 ,CURRENT_DATE());


INSERT INTO PRODUCT
(PRODUCT_ID ,COMMENTS ,PRODUCT_DESCRIPTION ,PRODUCT_IMAGE_URL ,PRODUCT_INGREDIENTS ,PRODUCT_NAME ,PRODUCT_PRICE  , PRODUCT_QUANTITY ,DISCOVERY_ID ,CURRENCY_ID ,CATEGORY_ID ,UPDATE_DATE)
VALUES
(2, 'Vegetables', 'Fresh Vegetables ', 'potato.png' , 'Sample', 'Potato' , '1',100 , 1, 1, 1 ,CURRENT_DATE());

INSERT INTO PRODUCT
(PRODUCT_ID ,COMMENTS ,PRODUCT_DESCRIPTION ,PRODUCT_IMAGE_URL ,PRODUCT_INGREDIENTS ,PRODUCT_NAME ,PRODUCT_PRICE , PRODUCT_QUANTITY, DISCOVERY_ID ,CURRENCY_ID, CATEGORY_ID ,UPDATE_DATE)
VALUES
(3 , 'Vegetables', 'Fresh Vegetables ', 'Beeans.png' , 'Vegetables', 'Beans' , '1', 100 , 1, 1, 1, CURRENT_DATE());




INSERT INTO PRODUCT
(PRODUCT_ID ,COMMENTS ,PRODUCT_DESCRIPTION ,PRODUCT_IMAGE_URL ,PRODUCT_INGREDIENTS ,PRODUCT_NAME ,PRODUCT_PRICE  , PRODUCT_QUANTITY ,DISCOVERY_ID ,CURRENCY_ID ,CATEGORY_ID ,UPDATE_DATE)
VALUES
(4, 'Bakery', 'Fresh Bakery ', 'tiger-bread.png' , 'Bakery', 'Tiger Wheat Bread' , '1', 1, 2, 1, 2,CURRENT_DATE() );

INSERT INTO PRODUCT
(PRODUCT_ID ,COMMENTS ,PRODUCT_DESCRIPTION ,PRODUCT_IMAGE_URL ,PRODUCT_INGREDIENTS ,PRODUCT_NAME ,PRODUCT_PRICE  , PRODUCT_QUANTITY ,DISCOVERY_ID ,CURRENCY_ID ,CATEGORY_ID ,UPDATE_DATE)
VALUES
(5, 'Bakery', 'Fresh Bakery ', 'bread1.png' , 'Bakery', 'Brown Wheat Bread' ,  '1', 1, 2, 1, 2,DATEADD('DAY', -3, CURRENT_DATE())) ;

INSERT INTO PRODUCT
(PRODUCT_ID ,COMMENTS ,PRODUCT_DESCRIPTION ,PRODUCT_IMAGE_URL ,PRODUCT_INGREDIENTS ,PRODUCT_NAME ,PRODUCT_PRICE  , PRODUCT_QUANTITY ,DISCOVERY_ID ,CURRENCY_ID ,CATEGORY_ID ,UPDATE_DATE)
VALUES
(6, 'Bakery', 'Fresh Bakery ', 'zout-bread.png' , 'Bakery', 'Boeren  Wheat Bread' ,  '1', 1, 2, 1, 2,DATEADD('DAY', -10, CURRENT_DATE()) );




INSERT INTO PRODUCT
(PRODUCT_ID ,COMMENTS ,PRODUCT_DESCRIPTION ,PRODUCT_IMAGE_URL ,PRODUCT_INGREDIENTS ,PRODUCT_NAME ,PRODUCT_PRICE  , PRODUCT_QUANTITY ,DISCOVERY_ID ,CURRENCY_ID ,CATEGORY_ID ,UPDATE_DATE)
VALUES
(7, 'Beverage', 'Beverage Drinks ', 'Tripel.png' , 'Drinks', 'Tripel Beer' ,  '1', 1, 2, 1, 3,CURRENT_DATE() );

INSERT INTO PRODUCT
(PRODUCT_ID ,COMMENTS ,PRODUCT_DESCRIPTION ,PRODUCT_IMAGE_URL ,PRODUCT_INGREDIENTS ,PRODUCT_NAME ,PRODUCT_PRICE  , PRODUCT_QUANTITY ,DISCOVERY_ID ,CURRENCY_ID ,CATEGORY_ID ,UPDATE_DATE)
VALUES
(8, 'Beverage', 'Beverage Drinks ', 'Heineken.png' , 'Drinks', 'Heineken beer' ,  '1', 1, 2, 1, 3,CURRENT_DATE() );

INSERT INTO PRODUCT
(PRODUCT_ID ,COMMENTS ,PRODUCT_DESCRIPTION ,PRODUCT_IMAGE_URL ,PRODUCT_INGREDIENTS ,PRODUCT_NAME ,PRODUCT_PRICE  , PRODUCT_QUANTITY ,DISCOVERY_ID ,CURRENCY_ID ,CATEGORY_ID ,UPDATE_DATE)
VALUES
(9, 'Beverage', 'Beverage Drinks ', 'Hertog.png' , 'Drinks', 'Hertog Beer' ,  '1', 1, 2, 1, 3,CURRENT_DATE() );





INSERT INTO DISCOUNT (DISCOUNTID ,DISCOUNT_TYPE ,DISCOUNT_VALUE  , MIN_QUANTITY ,MAX_QUANTITY, START_DATE ,END_DATE, PRODUCT_ID )
VALUES
(1, 'PerGram', '5', 0 ,100 ,CURRENT_DATE(), CURRENT_DATE(), 1);

INSERT INTO DISCOUNT (DISCOUNTID ,DISCOUNT_TYPE ,DISCOUNT_VALUE  , MIN_QUANTITY ,MAX_QUANTITY, START_DATE ,END_DATE, PRODUCT_ID )
VALUES
(2, 'PerGram', '7', 101 ,500,CURRENT_DATE(), CURRENT_DATE(), 1);

INSERT INTO DISCOUNT (DISCOUNTID ,DISCOUNT_TYPE ,DISCOUNT_VALUE  , MIN_QUANTITY ,MAX_QUANTITY, START_DATE ,END_DATE, PRODUCT_ID )
VALUES
(3, 'PerGram', '10', 501, 5000000,CURRENT_DATE(), CURRENT_DATE(), 1);


INSERT INTO DISCOUNT (DISCOUNTID ,DISCOUNT_TYPE ,DISCOUNT_VALUE  , MIN_QUANTITY ,MAX_QUANTITY, START_DATE ,END_DATE, PRODUCT_ID )
VALUES
(10, 'PerGram', '5', 0 ,100 ,CURRENT_DATE(), CURRENT_DATE(), 2);

INSERT INTO DISCOUNT (DISCOUNTID ,DISCOUNT_TYPE ,DISCOUNT_VALUE  , MIN_QUANTITY ,MAX_QUANTITY, START_DATE ,END_DATE, PRODUCT_ID )
VALUES
(11, 'PerGram', '7', 101 ,500,CURRENT_DATE(), CURRENT_DATE(), 2);

INSERT INTO DISCOUNT (DISCOUNTID ,DISCOUNT_TYPE ,DISCOUNT_VALUE  , MIN_QUANTITY ,MAX_QUANTITY, START_DATE ,END_DATE, PRODUCT_ID )
VALUES
(12, 'PerGram', '10', 501, 5000000,CURRENT_DATE(), CURRENT_DATE(), 2);

INSERT INTO DISCOUNT (DISCOUNTID ,DISCOUNT_TYPE ,DISCOUNT_VALUE  , MIN_QUANTITY ,MAX_QUANTITY, START_DATE ,END_DATE, PRODUCT_ID )
VALUES
(13, 'PerGram', '5', 0 ,100 ,CURRENT_DATE(), CURRENT_DATE(), 3);

INSERT INTO DISCOUNT (DISCOUNTID ,DISCOUNT_TYPE ,DISCOUNT_VALUE  , MIN_QUANTITY ,MAX_QUANTITY, START_DATE ,END_DATE, PRODUCT_ID )
VALUES
(14, 'PerGram', '7', 101 ,500,CURRENT_DATE(), CURRENT_DATE(), 3);

INSERT INTO DISCOUNT (DISCOUNTID ,DISCOUNT_TYPE ,DISCOUNT_VALUE  , MIN_QUANTITY ,MAX_QUANTITY, START_DATE ,END_DATE, PRODUCT_ID )
VALUES
(15, 'PerGram', '10', 501, 5000000,CURRENT_DATE(), CURRENT_DATE(), 3);




INSERT INTO DISCOUNT (DISCOUNTID ,DISCOUNT_TYPE ,DISCOUNT_VALUE  , MIN_QUANTITY ,MAX_QUANTITY, START_DATE ,END_DATE, PRODUCT_ID )
VALUES
(4, 'PerQuantity', '2', 6, 6,CURRENT_DATE(), CURRENT_DATE(), 7);

INSERT INTO DISCOUNT (DISCOUNTID ,DISCOUNT_TYPE ,DISCOUNT_VALUE  , MIN_QUANTITY ,MAX_QUANTITY, START_DATE ,END_DATE, PRODUCT_ID )
VALUES
(5, 'PerQuantity', '3', 6, 6,CURRENT_DATE(), CURRENT_DATE(), 8);

INSERT INTO DISCOUNT (DISCOUNTID ,DISCOUNT_TYPE ,DISCOUNT_VALUE  , MIN_QUANTITY ,MAX_QUANTITY, START_DATE ,END_DATE, PRODUCT_ID )
VALUES
(6, 'PerQuantity', '4', 6, 6,CURRENT_DATE(), CURRENT_DATE(), 9);




INSERT INTO DISCOUNT (DISCOUNTID ,DISCOUNT_TYPE ,DISCOUNT_VALUE  , MIN_QUANTITY ,MAX_QUANTITY, START_DATE ,END_DATE, PRODUCT_ID )
VALUES
(7, 'Perpack', '1', 0, 1,CURRENT_DATE(), CURRENT_DATE(), 4);

INSERT INTO DISCOUNT (DISCOUNTID ,DISCOUNT_TYPE ,DISCOUNT_VALUE  , MIN_QUANTITY ,MAX_QUANTITY, START_DATE ,END_DATE, PRODUCT_ID )
VALUES
(8, 'PerQuantity', '2', 1, 3,CURRENT_DATE(), CURRENT_DATE(), 4);

INSERT INTO DISCOUNT (DISCOUNTID ,DISCOUNT_TYPE ,DISCOUNT_VALUE  , MIN_QUANTITY ,MAX_QUANTITY, START_DATE ,END_DATE, PRODUCT_ID )
VALUES
(9, 'Perpack', '3', 3,6,CURRENT_DATE(), CURRENT_DATE(), 4);


INSERT INTO DISCOUNT (DISCOUNTID ,DISCOUNT_TYPE ,DISCOUNT_VALUE  , MIN_QUANTITY ,MAX_QUANTITY, START_DATE ,END_DATE, PRODUCT_ID )
VALUES
(16, 'Perpack', '2', 3, 1,CURRENT_DATE(), CURRENT_DATE(), 5);

INSERT INTO DISCOUNT (DISCOUNTID ,DISCOUNT_TYPE ,DISCOUNT_VALUE  , MIN_QUANTITY ,MAX_QUANTITY, START_DATE ,END_DATE, PRODUCT_ID )
VALUES
(17, 'PerQuantity', '3', 3, 6,CURRENT_DATE(), CURRENT_DATE(), 6);

INSERT INTO DISCOUNT (DISCOUNTID ,DISCOUNT_TYPE ,DISCOUNT_VALUE  , MIN_QUANTITY ,MAX_QUANTITY, START_DATE ,END_DATE, PRODUCT_ID )
VALUES
(18, 'PerQuantity', '0', 6, 60000,CURRENT_DATE(), CURRENT_DATE(), 6);


